{"count": 43, "results": [{"id": 1, "name": "Choose Your Own Adventure", "description": "Maybe your question was too long. You reduced the length of your question and asked\r\nthe oracle again: \"Where's the flag?\"\r\n\r\nAs expected, she had no reaction again. You sigh... maybe the solution really was\r\nin there after all. You close your eyes and started willing yourself back into\r\nthe enemy's base...\r\n\r\nNon-standard flag format: `[A-Z0-9]+`\r\n\r\nnc ctf.pwn.sg 1400\r\n\r\n*Creator -  prokarius (@prokarius)*", "value": 1, "category": "Quals - Misc", "hidden": 0, "type": "standard", "max_attempts": 0}, {"id": 2, "name": "BabyRSA", "description": "Each time I asked for the flag, it gets encoded through RSA.\r\nI'm lucky I kept all those values.\r\n\r\n*Creator -- prokarius (@prokarius)*", "value": 1, "category": "Quals - Crypto", "hidden": 0, "type": "standard", "max_attempts": 0}, {"id": 3, "name": "BabyRSA 2", "description": "Each time I asked for the flag, it gets encoded through RSA.... again...\r\nI'm lucky I kept all those values... AGAIN!\r\n```\r\n\r\n*Creator -- prokarius (@prokarius)*", "value": 1, "category": "Quals - Crypto", "hidden": 0, "type": "standard", "max_attempts": 0}, {"id": 4, "name": "Baby Web", "description": "It is all in the challenge.\r\n\r\nhttp://ctf.pwn.sg:8180\r\n\r\n*Creator -  quanyang (@quanyang)*", "value": 1, "category": "Quals - Web", "hidden": 0, "type": "standard", "max_attempts": 0}, {"id": 5, "name": "Blood Moon", "description": "You're blindfolded and you dont have a binary. This might take awhile.\r\n\r\nnc ctf.pwn.sg 12832\r\n\r\n*Creator -  amon (@nn_amon)*", "value": 1, "category": "Quals - Pwn", "hidden": 0, "type": "standard", "max_attempts": 0}, {"id": 6, "name": "Kryptonight 1", "description": "I took a walk around the world to ease my troubled mind.\r\n\r\nnc ctf.pwn.sg 1502\r\n\r\n*Creator -  amon (@nn_amon)*", "value": 1, "category": "Quals - Crypto", "hidden": 0, "type": "standard", "max_attempts": 0}, {"id": 7, "name": "Kryptonight 2", "description": "Have I got a little story for you\r\nWhat you thought was your daddy\r\nWas nothin' but a\r\n\r\nnc ctf.pwn.sg 1503\r\n\r\n*Creator -  amon (@nn_amon)*", "value": 1, "category": "Quals - Crypto", "hidden": 0, "type": "standard", "max_attempts": 0}, {"id": 8, "name": "Easynote", "description": "Get a shell.\r\n\r\nnc ctf.pwn.sg 1700\r\n```\r\n\r\n*Creator -  jarsp (@jarsp)*", "value": 1, "category": "Quals - Pwn", "hidden": 0, "type": "standard", "max_attempts": 0}, {"id": 9, "name": "Even Flow", "description": "Do you like shell command injection?\r\n\r\nnc ctf.pwn.sg 1601\r\n\r\n*Creator -  amon (@nn_amon)*", "value": 1, "category": "Quals - Pwn", "hidden": 0, "type": "standard", "max_attempts": 0}, {"id": 10, "name": "GoGoGo", "description": "Go get the password to this crackme!\r\n\r\n*Creator -- quanyang (@quanyang)*\r\n\r\nWarning: This challenge has multiple solutions. Please contact amon if you are sure you have a solution.", "value": 1, "category": "Quals - Reversing", "hidden": 0, "type": "standard", "max_attempts": 0}, {"id": 11, "name": "Impossible Shellcoding", "description": "The flag is at /flag.txt.\r\n\r\nnc ctf.pwn.sg 7123\r\n\r\n*Creator -  jarsp (@jarsp)*", "value": 1, "category": "Quals - Pwn", "hidden": 0, "type": "standard", "max_attempts": 0}, {"id": 12, "name": "Lossy Oracle", "description": "No one believes I can recover the message from this crappy ORacle.\r\n\r\nnc ctf.pwn.sg 1401\r\n\r\n*Creator -  prokarius (@prokarius)*", "value": 1, "category": "Quals - Crypto", "hidden": 0, "type": "standard", "max_attempts": 0}, {"id": 13, "name": "Quiet Moon", "description": "Do you like vampires?\r\n\r\nnc ctf.pwn.sg 2901\r\n\r\n*Creator -  amon (@nn_amon)*", "value": 1, "category": "Quals - Pwn", "hidden": 0, "type": "standard", "max_attempts": 0}, {"id": 14, "name": "QuirkyScript 1", "description": "Get the flag.\r\n\r\nhttp://ctf.pwn.sg:8081\r\n\r\n*Creator -  quanyang (@quanyang)*", "value": 1, "category": "Quals - Web", "hidden": 0, "type": "standard", "max_attempts": 0}, {"id": 15, "name": "QuirkyScript 2", "description": "Get the flag.\r\n\r\nhttp://ctf.pwn.sg:8082\r\n\r\n*Creator -  quanyang (@quanyang)*", "value": 1, "category": "Quals - Web", "hidden": 0, "type": "standard", "max_attempts": 0}, {"id": 16, "name": "QuirkyScript 3", "description": "Get the flag.\r\n\r\nhttp://ctf.pwn.sg:8083\r\n\r\n*Creator -  quanyang (@quanyang)*", "value": 1, "category": "Quals - Web", "hidden": 0, "type": "standard", "max_attempts": 0}, {"id": 17, "name": "QuirkyScript 4", "description": "Get the flag.\r\n\r\nhttp://ctf.pwn.sg:8084\r\n\r\n*Creator -  quanyang (@quanyang)*", "value": 1, "category": "Quals - Web", "hidden": 0, "type": "standard", "max_attempts": 0}, {"id": 18, "name": "QuirkyScript 5", "description": "Get the flag.\r\n\r\nhttp://ctf.pwn.sg:8085\r\n\r\n*Creator -  quanyang (@quanyang)*", "value": 1, "category": "Quals - Web", "hidden": 0, "type": "standard", "max_attempts": 0}, {"id": 19, "name": "Real Baby Pwnable", "description": "This is an actual baby pwn challenge.\r\n\r\nnc ctf.pwn.sg 1500\r\n\r\n*Creator -  amon (@nn_amon)*", "value": 1, "category": "Quals - Pwn", "hidden": 0, "type": "standard", "max_attempts": 0}, {"id": 20, "name": "Sanity - Qualifiers", "description": "Please join the discord to get the flag.\r\n\r\n*Creator -- amon (@nn_amon)*\r\n\r\nSince the Discord might not be manned in the future, the flag is: flag{fr333_flag5_ar3_th3_b35t}.", "value": 1, "category": "Quals - Sanity", "hidden": 0, "type": "standard", "max_attempts": 0}, {"id": 21, "name": "Skipping Rope", "description": "How high and how fast can you go on the skipping rope?\r\n\r\nnc ctf.pwn.sg 1501\r\n\r\n*Creator -  amon (@nn_amon)*", "value": 1, "category": "Quals - Pwn", "hidden": 0, "type": "standard", "max_attempts": 0}, {"id": 22, "name": "Choose Your Own Adventure 2", "description": "As you float into interstellar space, you cast your gaze onto the pointers of your\r\ninstrument...\r\n\r\nNon-standard flag format: `[0-9]+`\r\n\r\nnc ctf.pwn.sg 11006\r\n\r\n*Creator -  prokarius (@prokarius)*", "value": 1, "category": "Finals - Misc", "hidden": 0, "type": "standard", "max_attempts": 0}, {"id": 23, "name": "CacheCreek", "description": "It is all in the challenge.\r\n\r\nhttp://ctf.pwn.sg:8181\r\n\r\n*Creator - quanyang (@quanyang)*", "value": 1, "category": "Finals - Web", "hidden": 0, "type": "standard", "max_attempts": 0}, {"id": 24, "name": "GoCoin!", "description": "I thought blockchain was cool, so I made my own coin.\r\n\r\nhttp://ctf.pwn.sg:8182\r\n\r\n*Creator - quanyang (@quanyang)*", "value": 1, "category": "Finals - Web", "hidden": 0, "type": "standard", "max_attempts": 0}, {"id": 25, "name": "GoCoin! Plus", "description": "I thought blockchain was cool, so I made my own coin.\r\n\r\nGoCoin! Plus is the forked and improved version of GoCoin!.\r\n\r\nUpdate: I've improved it! More secures and with real cryptos, it's a true cryptocoin now!\r\n\r\nhttp://ctf.pwn.sg:2053\r\n\r\n*Creator - quanyang (@quanyang)*", "value": 1, "category": "Finals - Web", "hidden": 0, "type": "standard", "max_attempts": 0}, {"id": 26, "name": "GoCoin! Plus Plus", "description": "I thought blockchain was cool, so I made my own coin.\r\n\r\nGoCoin! Plus Plus is the forked and improved version of GoCoin! Plus.\r\n\r\nUpdate: I've improved it! More secures and with real cryptos, it's a true cryptocoin now!\r\nUpdate: Stupid me wrote a broken challenge, now its really fixed!\r\n\r\nIt is all in the challenge.\r\n\r\nhttp://ctf.pwn.sg:1389\r\n\r\n*Creator - quanyang (@quanyang)*", "value": 1, "category": "Finals - Web", "hidden": 0, "type": "standard", "max_attempts": 0}, {"id": 27, "name": "Human Powered Flag Generator", "description": "Keep cranking until the whole flag appears!\r\n\r\n*Creator -- prokarius (@prokarius)*", "value": 1, "category": "Finals - Mobile", "hidden": 0, "type": "standard", "max_attempts": 0}, {"id": 28, "name": "I Am Rusty", "description": "Decrypt the encrypted flag!\r\n\r\n*Creator - quanyang (@quanyang)*", "value": 1, "category": "Finals - Reversing", "hidden": 0, "type": "standard", "max_attempts": 0}, {"id": 29, "name": "Many-Saw-And-Whined", "description": "Hope you won't whine about this.\r\n\r\n*Creator - quanyang (@quanyang)*", "value": 1, "category": "Finals - Reversing", "hidden": 0, "type": "standard", "max_attempts": 0}, {"id": 30, "name": "BabyRSA 3", "description": "So I heard that you can flip the private and public information for RSA...\r\n\r\n*Creator -- prokarius (@prokarius)*", "value": 1, "category": "Finals - Crypto", "hidden": 0, "type": "standard", "max_attempts": 0}, {"id": 31, "name": "Coca Cola", "description": "Catch the Wave. Coke!\r\n\r\nnc ctf.pwn.sg 4001\r\n\r\n*Creator -  amon (@nn_amon)*", "value": 1, "category": "Finals - Pwn", "hidden": 0, "type": "standard", "max_attempts": 0}, {"id": 32, "name": "Fitblips", "description": "How many steps does your Fitblip beep?\r\n\r\nnc ctf.pwn.sg 4003\r\n\r\n*Creator -  amon (@nn_amon)*", "value": 1, "category": "Finals - Crypto", "hidden": 0, "type": "standard", "max_attempts": 0}, {"id": 33, "name": "FTLOG", "description": "https://youtu.be/RW2vXFLXtps\r\n\r\nnc ctf.pwn.sg 4004\r\n\r\nHint: The raspberry Pis might come in handy but you can look at using qemu too.\r\n\r\n*Creator -  amon (@nn_amon)*", "value": 1, "category": "Finals - Pwn", "hidden": 0, "type": "standard", "max_attempts": 0}, {"id": 34, "name": "GruffyBear", "description": "There's something fishy about this Build-A-Bear workshop...\r\n\r\nnc ctf.pwn.sg 4002\r\n\r\n*Creator -  amon (@nn_amon)*", "value": 1, "category": "Finals - Pwn", "hidden": 0, "type": "standard", "max_attempts": 0}, {"id": 35, "name": "Perfect", "description": "'Cause we lost it all\r\nNothin' lasts forever\r\n\r\n*Creator -  amon (@nn_amon)*", "value": 1, "category": "Finals - Reversing", "hidden": 0, "type": "standard", "max_attempts": 0}, {"id": 36, "name": "Retro Web", "description": "It is all in the challenge.\r\n\r\nhttp://ctf.pwn.sg:9180\r\n\r\n*Creator - quanyang (@quanyang)*", "value": 1, "category": "Finals - Web", "hidden": 0, "type": "standard", "max_attempts": 0}, {"id": 37, "name": "Sanity - Finals", "description": "Insane in the membrane.\r\n\r\nfXRoZzFsaHM0bGZfeW1fcjBveV8zc3U0Q3tGVENzc29yQw==\r\n\r\n*Creator -  amon (@nn_amon)*", "value": 1, "category": "Finals - Sanity", "hidden": 0, "type": "standard", "max_attempts": 0}, {"id": 38, "name": "Slowmo", "description": "What is in this mysterious package?\r\n\r\nnc ctf.pwn.sg 4005\r\n\r\n*Creator -  amon (@nn_amon)*", "value": 1, "category": "Finals - Pwn", "hidden": 0, "type": "standard", "max_attempts": 0}, {"id": 39, "name": "Souvlaki Space Station", "description": "Pictures and I've fallen\r\nWonder why I'm here now\r\n\r\nnc ctf.pwn.sg 4006\r\n\r\n*Creator -  amon (@nn_amon)*", "value": 1, "category": "Finals - Pwn", "hidden": 0, "type": "standard", "max_attempts": 0}, {"id": 40, "name": "The Evilness", "description": "Ready for something ridiculously difficult?\r\n\r\nnc ctf.pwn.sg 4020\r\n\r\n*Creator -  amon (@nn_amon)*", "value": 1, "category": "Finals - Misc", "hidden": 0, "type": "standard", "max_attempts": 0}, {"id": 41, "name": "The Terminal", "description": "How long more can you stand it?\r\n\r\nhttp://ctf.pwn.sg:4083", "value": 1, "category": "Finals - Web", "hidden": 0, "type": "standard", "max_attempts": 0}, {"id": 42, "name": "Tower Of Beer: Rochefort 6", "description": "Nothing like a Rochefort 6 in the hot summer weather...\r\n\r\nnc ctf.pwn.sg 16667\r\n\r\n*Creator -  waituck (@wongwaituck)*", "value": 1, "category": "Finals - Reversing", "hidden": 0, "type": "standard", "max_attempts": 0}, {"id": 43, "name": "Tower Of Beer: Rochefort 8", "description": "Why have a Rochefort 6 when you can have a Rochefort 8?\r\n\r\nnc ctf.pwn.sg 16667\r\n\r\n*Creator -  waituck (@wongwaituck)*", "value": 1, "category": "Finals - Web", "hidden": 0, "type": "standard", "max_attempts": 0}], "meta": {}}