{"count": 29, "results": [{"id": 1, "chal": 2, "location": "d9e10f9108cdfbf21d8631269fbecc7d/out.txt"}, {"id": 2, "chal": 3, "location": "dfc4bc58be2c9a4735219dd2c66d8f40/out.txt"}, {"id": 3, "chal": 8, "location": "e9e2d00deae8d82a8fed30d7e37006ac/easynote"}, {"id": 4, "chal": 8, "location": "0b78da1b32fe2e1f4182c4f5d6f9dcf8/libc-2.26.so"}, {"id": 5, "chal": 9, "location": "e422824cc416d6415fd6fcef84ffc931/evenflow.py"}, {"id": 6, "chal": 10, "location": "54a48047207bb0fc881b51cc2827532c/crackme-linux-stripped.go"}, {"id": 7, "chal": 11, "location": "12a77fe271bc2cff3a1d8cb5d4ccf3cf/impossible_shellcoding"}, {"id": 8, "chal": 12, "location": "a65d1c33796417a02c0155fd7c4de563/lossyoracle"}, {"id": 9, "chal": 13, "location": "a386751494e69f0b3d58954b8fd226cc/quietmoon"}, {"id": 10, "chal": 15, "location": "a0ebc3d173a410c3554ac0ae555faf3f/challenge.js"}, {"id": 11, "chal": 14, "location": "43a7338f3366d6c62db8467bff7e2ae2/challenge.js"}, {"id": 12, "chal": 16, "location": "105f21bf4ae06d4e945fbede73dcd7d4/challenge.js"}, {"id": 13, "chal": 17, "location": "fbb8a55c5bb0e4c4ae8d21bde57577e4/challenge.js"}, {"id": 14, "chal": 18, "location": "412a31fdb580a575d5505429d055feb8/challenge.js"}, {"id": 15, "chal": 19, "location": "8473f18f730bc2040788bd9a9f8b3fbe/realbabypwn"}, {"id": 16, "chal": 21, "location": "e1309abec6c226a09422af993b9add24/skippingrope"}, {"id": 17, "chal": 27, "location": "fb1b82d8e1b88aaaa7186f627186a378/app-debug.apk"}, {"id": 18, "chal": 28, "location": "010c3d56359f53c1c33088f0f36bc191/iamrusty"}, {"id": 19, "chal": 29, "location": "72ba0279a693c27eda6ec9287f2067c9/msaw.wasm"}, {"id": 20, "chal": 30, "location": "60d18969e160aa543f7c3865405d0baf/outNerfed.txt"}, {"id": 21, "chal": 31, "location": "59524f832bfd4034cf02cb5762411d61/cocacola"}, {"id": 22, "chal": 33, "location": "5b02fe45753c7450f33e66714509c4fa/ftlog"}, {"id": 23, "chal": 34, "location": "3851ffb398518bd9358bad85db8e6a9c/gruffybear"}, {"id": 24, "chal": 34, "location": "3c3a09a5d65919eb9b7220d7d220babe/libc-2.23.so"}, {"id": 25, "chal": 35, "location": "72531c52f60fdf9a0c8b60489b35be78/perfect"}, {"id": 26, "chal": 38, "location": "77f07ed1faf3b4b6d47d7f6c8ef44146/slowmo"}, {"id": 27, "chal": 39, "location": "e930d92a31c8a52157395d1a38c4aae2/souvlaki"}, {"id": 28, "chal": 42, "location": "76a901e56a7f565023755ee85c5fdb1e/towerofbeer"}, {"id": 29, "chal": 43, "location": "38ef6b300f48fe59232032230340b9ce/towerofbeer"}], "meta": {}}