{"count": 43, "results": [{"id": 1, "chal": 1, "type": "static", "flag": "C18H27NO3", "data": null}, {"id": 2, "chal": 2, "type": "static", "flag": "flag{Ha5tad_ch4ll3nGes_aRe_Gett1ng_ReaIly_b0riNg_n0w_3h}", "data": null}, {"id": 3, "chal": 3, "type": "static", "flag": "crossctf{RSA_Challenges_Are_Too_Easy}", "data": null}, {"id": 4, "chal": 4, "type": "static", "flag": "CrossCTF{SiMpLe_sQl_iNjEcTiOn_aS_WaRmUp}", "data": null}, {"id": 5, "chal": 5, "type": "static", "flag": "CrossCTF{you_said_you_cut_your_bangs_im_calling_your_bluff}", "data": null}, {"id": 6, "chal": 6, "type": "static", "flag": "CrossCTF{h0dl_t1l_u_d1e}", "data": null}, {"id": 7, "chal": 7, "type": "static", "flag": "CrossCTF{d3ny_y0ur_m4ker_w3ll_b3_w4st1ng}", "data": null}, {"id": 8, "chal": 8, "type": "static", "flag": "crossctf{v1m_1s_4_+h3_w34k_--_r34l_h4ck3r5_us3_ed}", "data": null}, {"id": 9, "chal": 9, "type": "static", "flag": "CrossCTF{I_just_want_someone_to_say_to_me}", "data": null}, {"id": 10, "chal": 10, "type": "static", "flag": "CrossCTF{11ad701bfa51102cfdd2eb42efd5e7f8}", "data": null}, {"id": 11, "chal": 11, "type": "static", "flag": "CrossCTF{1mp0ss1b13_1s_n0+h1ng}", "data": null}, {"id": 12, "chal": 12, "type": "static", "flag": "crossctf{bitw1se_0racl3}", "data": null}, {"id": 13, "chal": 13, "type": "static", "flag": "CrossCTF{about_thr33_th1ngs_1_w4s_abs0lutely_cert41n}", "data": null}, {"id": 14, "chal": 14, "type": "static", "flag": "CrossCTF{C0mm4s_4ll_th3_w4y_t0_th3_fl4g}", "data": null}, {"id": 15, "chal": 15, "type": "static", "flag": "CrossCTF{M4ny_w4ys_t0_mak3_4_numb3r}", "data": null}, {"id": 16, "chal": 16, "type": "static", "flag": "CrossCTF{th4t_r0ck3t_1s_hug3}", "data": null}, {"id": 17, "chal": 17, "type": "static", "flag": "CrossCTF{1m_g0ing_hungry}", "data": null}, {"id": 18, "chal": 18, "type": "static", "flag": "CrossCTF{1_am_n1k0las_ray_zhizihizhao}", "data": null}, {"id": 19, "chal": 19, "type": "static", "flag": "CrossCTF{It3r4t1ve_0ver_R3curs1v3}", "data": null}, {"id": 20, "chal": 20, "type": "static", "flag": "flag{fr333_flag5_ar3_th3_b35t}", "data": null}, {"id": 21, "chal": 21, "type": "static", "flag": "CrossCTF{With_a_hip_hop_the_hippie_to_the_hippie}", "data": null}, {"id": 22, "chal": 22, "type": "static", "flag": "118238520", "data": null}, {"id": 23, "chal": 23, "type": "static", "flag": "CrossCTF{Dont_h@te_tHe_aUth0r_hat3_d@_gam3}", "data": null}, {"id": 24, "chal": 24, "type": "static", "flag": "CrossCTF{G0C0in_Is_Th3_Nex7_Bi5_Th@ng!}", "data": null}, {"id": 25, "chal": 25, "type": "static", "flag": "CrossCTF{GoCoin!_Cash_Is_th3_m0St_5eCur3!!!!13337}", "data": null}, {"id": 26, "chal": 26, "type": "static", "flag": "CrossCTF{SORRY_I_AM_STUP!D!1!!1}", "data": null}, {"id": 27, "chal": 27, "type": "static", "flag": "CrossCTF{808664096416256736896016456136696616}", "data": null}, {"id": 28, "chal": 28, "type": "static", "flag": "CrossCTF{Rusty_Fl@G_F0r_Th3_L33T_Rev3rs3r}", "data": null}, {"id": 29, "chal": 29, "type": "static", "flag": "CrossCTF{c9cc06ebd2c30783023f70e8f363d9e3}", "data": null}, {"id": 30, "chal": 30, "type": "static", "flag": "CrossCTF{Pub7ic_prIv4te_K3ys_4_R5A_t33ns}", "data": null}, {"id": 31, "chal": 31, "type": "static", "flag": "CrossCTF{ment0s_th3_fre5h_ma4k3r}", "data": null}, {"id": 32, "chal": 32, "type": "static", "flag": "CrossCTF{t1m1ng_att4ck5_r_4_th3_d3vil}", "data": null}, {"id": 33, "chal": 33, "type": "static", "flag": "CrossCTF{slowmo_starroving_sugarforthepill_alison}", "data": null}, {"id": 34, "chal": 34, "type": "static", "flag": "CrossCTF{it_is_almost_midnight_here_in_sf}", "data": null}, {"id": 35, "chal": 35, "type": "static", "flag": "CrossCTF{why_am_1_aw4ke_r1ght_n0ww}", "data": null}, {"id": 36, "chal": 36, "type": "static", "flag": "CrossCTF{Why_W0uLd_Any0ne_<3_Web?!}", "data": null}, {"id": 37, "chal": 37, "type": "static", "flag": "CrossCTF{C4us3_yo0r_my_fl4shl1ght}", "data": null}, {"id": 38, "chal": 38, "type": "static", "flag": "CrossCTF{l1sten_cl0s3_and_d0nt_b33_st00nes}", "data": null}, {"id": 39, "chal": 39, "type": "static", "flag": "CrossCTF{the_fillm0re_w4s_an_am4z1ng_d4y}", "data": null}, {"id": 40, "chal": 40, "type": "static", "flag": "CrossCTF{it5_th3_r34ln3ss_th3_r3alness}", "data": null}, {"id": 41, "chal": 41, "type": "static", "flag": "CrossCTF{C4ther1ne_zet4_j0n3s_w4s_1n_l0st_1n_tr4nsl4t1on}", "data": null}, {"id": 42, "chal": 42, "type": "static", "flag": "CrossCTF{I_Li3k_Bre@k1nG_LC6}", "data": null}, {"id": 43, "chal": 43, "type": "static", "flag": "CrossCTF{@n_Un1iK3Ly_Un10n}", "data": null}], "meta": {}}